Country Code;Country Name;2014;2013;2012;2011;2010;2009;2008;2007;2006;2005;2004;2003;2002;2001;2000;1999;1998;1997;1996;1995;1994;1993;1992;1991;1990;1989;1988;1987;1986;1985;1984;1983;1982;1981;1980;1979;1978;1977;1976;1975;1974;1973;1972;1971;1970;1969;1968;1967;1966;1965;1964;1963;1962;1961;1960;1959;1958;1957;1956;1955;1954;1953;1952;1951;1950;1949;1948;1947;1946;1945;1944;1943;1942;1941;1940;1939;1938;1937;1936;1935;1934;1933;1932;1931;1930;1929;1928;1927;1926;1925;1924;1923;1922;1921;1920;1919;1918;1917;1916;1915;1914;1913;1912;1911;1910;1909;1908;1907;1906;1905;1904;1903;1902;1901;1900
AFG;AFGHANISTAN;0;0;2680;9700;1000;3250;180;3480;8210;6775;2700;4250;10000;250;0;31275;45000;750;750;7610;0;1000;0;9400;0;;0;0;;;0;6580;0;;0;;7500;;0;;;;0;0;;0;;;;;;0;;;;;;;0;;0;;;;;;;;;;;;;;;;;;;;;;;;;;;;;;;;;;;;;;;;;;;;;;;;;;;;;;
ALB;ALBANIA;;;0;;0;150;;75;;0;0;;0;;;;0;0;0;0;;;0;;;0;0;;;1340;;;5000;;;0;;;;;;;;;;;;0;;;;;;;;;;;;;;;;;;;;;;;;;;;;;;;;;;;;;;;;;;;;;;;;;;;;;;;;;;;;;;;;;;;
DZA;ALGERIA;;;0;0;0;2500;0;0;150;1750;0;200000;0;0;100;15700;;3000;0;;30000;650;2250;0;;0;200;0;;15000;1470;;0;0;443000;0;;;;;0;61000;;;;0;;0;15900;12000;;0;;;1250;;;;;;129250;;0;;;;;;0;;;;;;;;;;;;;;;;;;;0;;;;;;;;;;;;;;;;;0;;;;;;;;;;
ASM;AMERICAN SAMOA;;;;;;0;;;;0;3000;0;;;;;;;;;;;;;;0;;;;0;;;;;;;;;;;;;;;;;;;0;;;;;;;;;;;;;;;;;;;;;;;;;;;;;;;;;;;;;;;;;;;;;;;;;;;;;;;;;;;;;;;;;;
AGO;ANGOLA;;0;0;100;78875;5065;0;6000;225;10000;1700;825;0;0;9000;0;0;0;;0;;;;;;0;;0;;0;;;;0;;;;;;;;;;;;;;;;;;;;;;;;;;;;;;;;;;;;;;;;;;;;;;;;;;;;;;;;;;;;;;;;;;;;;;;;;;;;;;;;;
AIA;ANGUILLA;;;;;;;;;;;;;;;;0;;;;;;;;;;;;;;;0;0;;;;0;;;;;;;;;;;;;;;;;;;1000;;;;;0;;;;;;;;;;;;;;;;;;;;;;;;;;;;;;;;0;0;0;0;0;;;;;;;;;;;;;;;;;;;
ATG;ANTIGUA AND BARBUDA;;;;;0;;0;;;;;;;;;1439;2000;;;3537;;;;;0;530;;;;;;0;;;;;;;;;;;;;;;;;0;;;;;;0;;;;;;;;;;0;;;;;;;;;;;;;;;;;;;;;;;;;;;;;;;;;;;;;;;;;;;;;;;;;;
ARG;ARGENTINA;0;0;2000;0;0;0;0;5000;0;200;0;20000;200;2000;8230;0;0;0;;0;0;4000;88074;1200;0;;0;750;60000;56000;0;250000;0;;0;0;0;40000;;0;0;0;0;;0;;;70000;0;0;;;;;;;0;;;;;;;;;0;;;;;0;;;;;;;;;;;;;;;;;;;;;;;;;;;;;;;;;;;;;;;;;;;;
ARM;ARMENIA;;0;;;;;;;;;0;;;;0;;144;0;;;;;;;;;;;;;;;;;;;;;;;;;;;;;;;;;;;;;;;;;;;;;;;;;;;;;;;;;;;;;;;;;;;;;;;;;;;;;;;;;;;;;;;;;;;;;;;;;
AUS;AUSTRALIA;168;0;0;0;0;0;0;90;7141;0;0;30;249;0;0;672;0;0;1730;200;1340;5545;0;18;0;0;0;;1000;0;0;11000;0;0;0;0;0;0;0;0;0;1000;;0;0;;1200;0;;;;;;;;;;;;0;;;;;;;;;;;2100;;;;;3900;;;;;;;;;;;;;;;;;;;;;;;;;;;;;;;;;;;;;;;
AUT;AUSTRIA;;0;0;;;0;0;0;0;0;;0;0;;0;0;0;0;0;0;0;0;;0;0;;;;;0;0;0;0;0;0;;;;0;0;;;;;;;;;;;;;;;;;;;;;0;;0;;;;;;;;;;;;;;;;;;;;;;;;;;;;;;;;;;;;;;;;;;;;;;;;;;;;
AZE;AZERBAIJAN;;;6949;;0;0;;;;;;1500;;;0;8400;0;0;;156000;;;;;;;;;;;;;;;;;;;;;;;;;;;;;;;;;;;;;;;;;;;;;;;;;;;;;;;;;;;;;;;;;;;;;;;;;;;;;;;;;;;;;;;;;;;;;;;
BHS;BAHAMAS;;0;0;0;;;0;0;;0;0;;;0;;0;;;;0;;;1700;;0;;0;;;;;;;;;;;;;;;;;;;;;;0;0;;0;;;;;;;;;;;;;;;;;;0;;;;;;;;;;0;;;;;;0;;;0;;;;;;;;;;;;;;;;;;;;;;;;;;
BHR;BAHRAIN;;;;;;;;;;;;;;;;;;;;;;;;;;;;;;;;;;;;;0;;;;;;;;;;;;;;;;;;;;;;;;;;;;;;;;;;;;;;;;;;;;;;;;;;;;;;;;;;;;;;;;;;;;;;;;;;;;;;
BGD;BANGLADESH;0;0;55000;0;0;0;35638;225;2400;21500;14000;0;1000;0;85500;139000;0;1100000;0;482000;275000;180000;85000;500000;4000;0;2000000;0;420000;510000;0;100000;25000;25000;0;0;0;0;0;;2000000;10000;0;0;0;23943;878724;0;300000;5000000;0;0;;0;0;;0;;;;;;;0;;;;0;;;;0;0;0;;;;0;;;;;;;;;;;0;;;25000;0;;;0;0;;;;;;;0;;0;;;;;0;;;;
BRB;BARBADOS;;;;;0;;;0;;;880;;2000;;;;;;;0;;;;;;;;230;;;100;;;;5000;;;;;;;;;;0;;;;;;;;;;;;;;;0;;;;;;;;;;;;;;;;;;;;;;;;;;;;;;;;;;;;;;;;;;;;;;;;;;;;;;;
BLR;BELARUS;0;0;0;;;;;0;0;;;;;;0;0;;300;0;0;;0;;;;;;;;;;;;;;;;;;;;;;;;;;;;;;;;;;;;;;;;;;;;;;;;;;;;;;;;;;;;;;;;;;;;;;;;;;;;;;;;;;;;;;;;;;;;;
BEL;BELGIUM;;0;0;0;0;0;0;0;0;0;;0;0;;;0;0;;;0;0;0;0;;0;;;0;;0;0;0;0;;;;;;0;;;;0;0;;;;0;0;;;0;;;;;;;0;;;0;;;;;;;;0;;;;;;;;;;;;;;;0;;0;;0;;;;;;;;;;;;;;;;;;;;0;;;;;;
BLZ;BELIZE;;;;;0;;0;0;;0;;;;0;0;;0;;;0;;;;;0;;;;;;;;;;;0;0;;;;0;;;;;;;;;;;;;0;;;;;;0;;;;;;;;;;;;;;;;;;;;;;;;0;;;;;;;;;;;;;;;;;;;;;;;;;;;;;;;
BEN;BENIN;;2759;0;0;150000;0;0;884;;0;;0;0;0;0;10469;20000;0;826;8000;20000;;;0;;0;16000;0;;130000;0;0;80000;;;;3000;;0;;;;0;;0;;;;;;;;;;;;;;;;;;;;;;;;;;;;;;;;;;;;;;;;;;;;;;;;;;;;;;;;;;;;;;;;;;;;;;
BMU;BERMUDA;;;;;;;;;;;;0;;;;;;;;;;;;;;0;;0;0;0;;;;;;;;;;;;;;;;;;;;;;;;;;;;;;;;;;;;;0;;;;;;;;;;;;;;;;;;;;;;;;;;;;;;;;;;;;;;;;;;;;;;;;
BTN;BHUTAN;;;;0;;0;;;;;0;;;;1000;0;;;;;0;;0;;;;;;;0;;;;;;;;;;;;;;;;;;;;;;;;;;;;;;;;;;;;;;;;;;;;;;;;;;;;;;;;;;;;;;;;;;;;;;;;;;;;;;;;;;;;;
BOL;BOLIVIA;;0;0;0;300;0;0;0;0;0;0;10300;0;0;0;3400;6900;0;0;;0;;40500;0;0;0;0;0;50000;475;0;0;0;;0;;15000;20000;;;0;;;;;0;6000;;0;0;;;;;;;;;;;;;;;;;;;;;;;;;;;;;;;;;;;;;;;;;;;;;;;;;;;;;;;;;;;;;;;;;
BIH;BOSNIA-HERCEGOVENIA;;;0;;0;0;;0;;0;0;0;;0;0;90;;;;;;;;;;;;;;;;;;;;;;;;;;;;;;;;;;;;;;;;;;;;;;;;;;;;;;;;;;;;;;;;;;;;;;;;;;;;;;;;;;;;;;;;;;;;;;;;;;;
BWA;BOTSWANA;;0;;0;;0;0;;0;0;0;;;;32000;;;;;2000;;;0;;;;0;;0;;;;0;;;;;;;;;;0;;0;;0;;;0;;;;;;;;;;;;;;;;;;;;;;;;;;;;;;;;;;;;;;;;;;;;;;;;;;;;;;;;;;;;;;;;;
BRA;BRAZIL;0;43200;0;30000;13000;2950;3035;0;0;10340;2200;187410;3000;12500;213000;0;10500;62000;7000;35800;2000;;1500;600;0;333944;20000;0;14500;4000;31500;8000;0;0;0;0;0;50000;;80000;0;0;;0;0;17384;0;15400;29000;40000;0;;;;;0;;0;0;;;;;;;0;0;;;;;;;;;;;;;;;;;;;;;;;;;;;;;;;;;;;;;;;;;;;;;;;;
BRN;BRUNEI DARUSSALAM;;;;;;;;;;;;;;;;;0;;;;;;;;;;;;;;;;;;;;;;;;;;;;;;;;;;;;;;;;;;;;;;;;;;;;;;;;;;;;;;;;;;;;;;;;;;;;;;;;;;;;;;;;;;;;;;;;;;
BGR;BULGARIA;0;;0;;0;;0;0;0;0;;;0;0;150;850;0;0;;;;0;;;0;;;;3000;;;0;;0;;;;0;;;;;;;;;;;;0;;;;;;;;;;;;;;;;;;;;;;;;;;;;;;;;;;;;;0;;;;;;;;;;;;;;;;;;;;;;;;;;;;
BFA;BURKINA FASO;;0;21000;0;0;0;4292;28000;10000;0;0;12120;;0;;760;0;0;0;0;0;;;0;0;;10000;0;0;572;0;0;;0;0;0;;900;;;;;;;;0;;;0;;;;;;;;;;;;;;;;;;;;;;;;;;0;;;;;;;;;;;;;;;;;;;;;;;;;;;;;;0;;;;;;;;;;
BDI;BURUNDI;12500;;;0;1500;0;0;23000;9305;5000;25620;0;0;;500;0;;0;;;;;0;;;0;;;;;;;;;;;0;;;;;;;;;;;;;;;;;;;;;;;;;;;;;;;;;;;;;;;;;;;;;;;;;;;;;;;;;;;;;;;;;;;;;;;;;;;;;;
KHM;CAMBODIA;;0;0;0;0;0;;0;0;0;0;;0;0;0;25805;0;0;0;;0;;0;250000;;;;0;;;;;;;;;;;;;;;;;;;;;;;;;;;;;;;;;;;;;;;;;;;;;;;;;;;;;;;;;;;;;;;;;;;;;;;;;;;;;;;;;;;;;;;
CMR;CAMEROON;;0;31980;0;3000;0;1000;10279;0;0;0;100;;1500;0;1510;0;0;0;;0;0;0;200;0;0;0;0;0;;0;;;;;;;;;;;;;0;;;;;;;;;;;;;;;;;;;;;;;;;;;;;;;;;;;;;;;;;;;;;;;;;;;;;;;;;;;;;;;;;;;;;;;
CAN;CANADA;0;0;0;7000;0;0;0;0;0;0;0;0;0;30;700;200;0;0;12000;0;0;0;0;0;0;0;0;0;0;800;0;0;0;0;0;0;;0;0;300;0;;;1500;0;;;;0;0;;;0;0;;0;;;;2000;0;0;;;0;;;;0;;;;;;;;;;0;;;;;0;;;0;;;;;;11000;;;;0;;;0;;;2500;200;0;;0;;;0;;0;;;
CPV;CAPE VERDE IS;;;;;;0;;;;;0;;0;;;;0;;;5000;0;;0;;;;0;;;;0;;0;;;;;;;;;;0;;;;;;;;;;;;;;;;;;;;;;;;;;0;;;;;;0;;;;;;;;;;;;;;;;;;;;0;;;;;;;;;;0;;;;;;;;;;0
CYM;CAYMAN ISLANDS;;;;;;;0;;;;0;;0;0;;;;;;;;;;;;;;;;;;;;;;;;;;;;;;;;;;;;;;;;;;;;;;;;;;;;;;;;;;;;;;;;;;;;;;;;;;;;;;;;;;;;;;;;;;;;;;;;;;;;;
CAF;CENTRAL AFRICAN REP;;0;3870;0;0;14835;795;1812;;23798;12698;240;750;3000;0;25919;9200;;1500;1957;;;0;;;;;;;;;0;;900;;;;;;;;0;;;;;;;;;;;;;;;;;;;;;;;;;;;;;;;;;;;;;;;;;;;;;;;;;;;;;;;;;;;;;;;;;;;;;;;;;
TCD;CHAD;;;0;0;0;5795;6450;0;0;0;0;0;;0;0;45000;1000;0;0;40343;;0;;0;;;0;0;0;500;;;;0;;;;0;;;;;;0;;0;;;0;;;;;;;;;;;;;;;;;;;;;;;;;;0;;;;;;;;;;;;;;;;;;;;;;;;;;;;;;0;;;;;;;;;;
CHL;CHILE;14500;0;0;1082;800000;;23000;0;0;548;0;285;0;714;10401;1000;;24000;;575;;1225;38000;18871;0;0;0;86000;0;500000;119994;0;0;;;0;0;16800;;;0;;;0;;;0;;0;25000;0;0;;;0;;0;;;;;0;;;;0;0;;0;;;0;0;;;0;;;;;;;;;;;0;;;;;;0;;;;;;;;;;;;;;;;0;;;;;;
CHN;CHINA P REP;0;152540;48618;308425;356625;158450;414235;69855;631160;281000;684124;1805886;2348;854215;410124;2449985;28447600;927294;6273870;1337000;6310000;185360;507400;4214100;517891;145115;437000;432400;810290;18000;0;16500;210000;200000;100;0;0;;0;0;0;;;;7880;0;;;0;0;0;;;;;0;;0;0;0;0;;;0;0;0;0;;;;;;0;;;0;;;;0;0;3600000;0;0;;;0;0;;0;;0;0;;0;;0;0;;0;;;0;0;0;0;;0;0;;;;;;
COL;COLOMBIA;0;300;8000;0;0;593;1700;2000;0;0;500;60;2000;7500;39000;506920;0;0;310;89250;33197;375;1500;295;0;0;0;0;0;0;0;500;0;0;0;2000;;100;0;;0;0;0;0;105000;0;63;0;;0;;;0;;;0;;;;;0;;;;40000;0;;;;;;;;;;;;;;;;;;;;;;;0;;;;;;;;;;;;;;;;;;;;0;;;;;;
COM;COMOROS;0;;0;;;0;;0;0;0;;300;;;;0;0;;;;;;;200;;0;;50000;;0;;0;;0;;;;5000;;;;;;;;;;;;;;;;;;;;;;;;;;0;;;;;;;;;;;;;;;;;;;;;;;;;;;;;;;;;;;;;;;;;;;;;;;;0;;;
COG;CONGO;;0;7500;0;0;;0;5000;5000;3500;;0;48000;0;0;2000;0;0;;;0;;;;;;;;;;;0;;;;;;;;;;;;;;;;168;;;;;;;;;;;;;;;;;;;;;;;;;;;;;;;;;;;;;;;;;;;;;;;;;;;;;;;;;;;;;;;;;;;
COK;COOK IS;;;;;0;0;;;;0;;;;0;;;;0;;;;;;;0;;;0;;;;;;0;;;;;;;;;;;;;;0;;;;;;;;;;;;;;;;;;;;;0;;;0;0;;;;;;;;;;;;;;;;;;;;;;;;;;;;;;;;;;;;;;;;;;
CRI;COSTA RICA;;0;0;0;0;0;0;0;;0;25;0;0;0;0;4621;1700;;0;4800;556;3450;0;23900;14000;;2500;;;;;0;;;0;;;;0;0;;84;;;0;0;3280;;;;;0;;;;;;;;;;;;;;;;;;;;;;;;;;;;;;;;;;;;;;;;;;;;;;;;;;;;;0;;;;;;;;;;
CIV;COTE D'IVOIRE;;;;;0;10000;0;0;0;0;;;0;0;;;;;0;0;;;;0;;0;;;;;;0;;;;;;;;;;;;;0;;;;;;;;;;;;;;;;;;;;;;;;;;;;;;;;;;;;;;;;;;;;;;;;;;;;;;;;;;;;;;;;;;;;;;
HRV;CROATIA;;;0;;0;;;0;0;0;;0;;0;0;;;0;2000;;;;;;;;;;;;;;;;;;;;;;;;;;;;;;;;;;;;;;;;;;;;;;;;;;;;;;;;;;;;;;;;;;;;;;;;;;;;;;;;;;;;;;;;;;;;;;;;
CUB;CUBA;;0;75141;;;;0;0;0;0;41500;0;0;0;0;26923;0;0;66681;0;42820;32000;0;;6000;;1500;0;0;22000;;0;75000;0;0;;0;0;0;;;;;;0;;0;;18000;;0;0;;;;;;;;;;;;;;;0;;;;0;;;;;;;;;0;;;0;;;;;;0;;;;;;;;;;;;;;;;;;;;;;;;;;
CYP;CYPRUS;;;;;;;;0;;;0;0;;;0;;0;;0;150;;;;0;;;;;;;;0;;;;;;;;;;;;;0;0;;;;;;;;;;;;;;;;0;;;;;;;;;;;;;;;;;;;;;;;;;;;;;;;;;;;;;;;;;;;;;;;;;;;;;
CZE;CZECH REP;;0;0;;0;0;0;0;0;0;;0;0;;0;;0;11973;0;;;;;;;;;;;;;;;;;;;;;;;;;;;;;;;;;;;;;;;;;;;;;;;;;;;;;;;;;;;;;;;;;;;;;;;;;;;;;;;;;;;;;;;;;;;;;;;;
DNK;DENMARK;;0;;;0;;;0;;0;;;0;;;0;;;;;;;0;;0;;;;;0;;0;;0;0;;;;0;;;;;;;;;;;;;;;;;;;;;;;;;;;;;;;;;;;;;;;;;;;;;;;;;;;;;;;;;;;;;;;;;;;;;;;;;;;;
DJI;DJIBOUTI;;;;;0;;0;0;;0;1500;;;0;0;;0;0;0;0;20000;0;;;;0;0;;;;;0;;0;0;;6000;6000;;;;;;;;;;;;;;;;;;;;;;;;;;;;;;;;;;;;;;;;;;;;;;;;;;;;;;;;;;;;;;;;;;;;;;;;;;;;;
DMA;DOMINICA;;;;96;;;;0;;;0;;;0;;315;;;;5000;;;;;;0;;;;;0;;;;0;0;;;;;;;;;0;;;;;;;0;;;;;;;;;;;;;;;;;;;;;;;;;;;;;;;;;0;;;;;;;;;;;;;;;;;;;;;;;;;;;;;;
DOM;DOMINICAN REP;;0;11500;0;0;0;0;0;;0;2092;0;0;0;;0;120000;;1000;2500;;0;0;0;;0;0;0;0;0;;0;;0;0;350000;0;;;;;;;;;;0;;5500;0;0;0;;;;;;;;;;;;;;;;;0;;;;;;;;;;;;;;;;0;;;;;;;;;;;;;;;;;;;;;;;;;;;;;;
ECU;ECUADOR;;0;0;0;500;0;14122;;0;;;0;3027;0;180;2200;750;2009;15525;600;0;0;80000;0;0;0;;150000;;0;;0;0;;0;;;0;25000;0;;30000;;0;27992;0;;400;0;0;0;;;;;;;;;;;0;;;0;0;;;;;;;0;;;;;;;;;;;0;;;;;;;0;;;;;;;;;;;;;;;;;;0;;0;;;;
EGY;EGYPT;;;;;0;;625;;0;;0;;0;;0;;;0;0;3000;50000;0;25020;200;;;;0;;;;;;;;0;;;;0;;;;;;;;;;;;;;;;;;;;0;0;;;;;;;0;;;;;;;;;;;;;;;;;;;;;0;;;;;;;;;;;;;;;;;;;;;;;;;;
SLV;EL SALVADOR;;0;;0;2800;15000;0;0;0;0;;0;0;0;0;0;0;2000;0;0;0;0;0;0;;0;0;;250000;;;;2500;;;;;;;;;;;;;0;;;;48000;;;;;;;;;;;;;;0;;;;;;;;;;;;;;;;;0;;;;;;;;;;;;;;;;;;;;;;;;;;;;0;;;;0;;
GNQ;EQUATORIAL GUINEA;;;;;;;;;;;0;;;;;;;;;;;;;;;;;;;;;;;;;;;;;;;;;;;;;;;;;;;;;;;;;;;;;;;;;;;;;;;;;;;;;;;;;;;;;;;;;;;;;;;;;;;;;;;;;;;;;;;;
ERI;ERITREA;;;;;;;0;;;;0;0;;;;0;;;;0;;15659;;;;;;;;;;;;;;;;;;;;;;;;;;;;;;;;;;;;;;;;;;;;;;;;;;;;;;;;;;;;;;;;;;;;;;;;;;;;;;;;;;;;;;;;;;;;;
EST;ESTONIA;;;0;;;;;;0;0;;;;;;;;;;;;;;;;;;;;;;;;;;;;;;;;;;;;;;;;;;;;;;;;;;;;;;;;;;;;;;;;;;;;;;;;;;;;;;;;;;;;;;;;;;;;;;;;;;;;;;;;;
ETH;ETHIOPIA;;0;0;0;0;0;810;0;0;0;;0;0;0;165;125000;0;0;25000;0;19;4800;0;0;0;0;0;0;0;20000;;0;;0;0;;0;0;20000;;;0;;;0;420;6000;;;0;;;;0;;;;;;;;;;;;;;;;;;;;;;;;;;;;;;;;;;0;;;;;;0;;;;;;;0;0;;;;;;;0;;;;;;
FJI;FIJI;;;0;;0;0;0;0;0;0;0;0;;0;0;1772;0;0;;;;10000;0;;3000;0;;0;0;0;;0;;0;7000;15000;0;;;0;;0;0;;;;;;;0;10000;;;;;;0;;;;;;0;;;;;;;;;;;0;;;;;;;;;;0;;;;;;;;;;;;;;;;;;;;;;;;;;;;;;;
FIN;FINLAND;;;;;;;;;;0;;;;;;;;;;;;;;;0;;;;;;;;;;;;;;;;;;;;;;;;;;;;;;;;;;;;;;;;;;;;;;;;;;;;;;;;;;;;;;;;;;;;;;;;;;;;;;;;;;;;;;;;;;
FRA;FRANCE;0;0;0;0;0;0;600;0;0;0;0;0;0;0;200;266;0;0;0;0;0;0;0;0;0;0;0;0;0;0;0;0;0;0;0;0;0;0;0;;;;;;0;0;;0;;;;;;;;;0;;;;;;;;;0;;;;;;;;;;;;;;;;;;;;;;;;;;;;;;;;;;;;;;;;0;;;;;;;;;
GUF;FRENCH GUIANA;;;;;;;;;;;;;;;;;;;70000;;;;;;;;;;;;;;;;;;;;;;;;;;;;;;;;;;;;;;;;;;;;;;;;;;;;;;;;;;;;;;;;;;;;;;;;;;;;;;;;;;;;;;;;;;;;;;;;
PYF;FRENCH POLYNESIA;;;;;0;;;;;;;;;;;;0;;;;;;;;;;;0;;;;0;;;;;;;;;;;;;;;;;;;;;;;;;0;;;;;;;;;;;;;;;;;;;;;;;;;;;;;;;;;;;;;;;;;;;;;;;;;;;;;;;;;;
GAB;GABON;;;0;;0;800;;0;;;0;;;0;;;;;0;;0;;;;;;0;;;;;;;;;;;;;;;;;;;;;;;;;;;;;;;;;;;;;;;;;;;;;;;;;;;;;;;;;;;;;;;;;;;;;;;;;;;;;;;;;;;;;;;;
GMB;GAMBIA THE;;0;0;;0;0;400;0;;;0;0;0;0;0;5000;;0;0;;;;;;;;0;0;0;;;;;;0;;0;0;;;;5000;;0;;;0;;;;;;;;;;;;;;;;;;;;;;;;;;;;0;;;;;;;;;;;;;;;;;;;;;;;;;;;;;;0;;;;;;;;;;
GEO;GEORGIA;;0;6000;0;;0;;;0;0;90;;1086;0;0;;;200;;0;;;0;1350;;;;;;;;;;;;;;;;;;;;;;;;;;;;;;;;;;;;;;;;;;;;;;;;;;;;;;;;;;;;;;;;;;;;;;;;;;;;;;;;;;;;;;;;;;;
DEU;GERMANY;;0;0;0;0;0;0;0;0;0;0;0;0;0;;0;0;0;0;0;0;0;0;0;0;;;;;;;;;;;;;;;;;;;;;;;;;;;;;;;;;;;;;;;;;;;;;;;;;;;;;;;;;;;;;;;;;;;;;;;;;;;;;;;;;;;;;;;;;;
DEU;GERMANY DEM REP;;;;;;;;;;;;;;;;;;;;;;;;;;;;;;0;0;;;;;;;;;;;;;;;;;;;;;;;;;;;;;;;;;;;;;;;;;;;;;;;;;;;;;;;;;;;;;;;;;;;;;;;;;;;;;;;;;;;;
DEU;GERMANY FED REP;;;;;;;;;;;;;;;;;;;;;;;;0;;;0;;;0;0;0;;;;0;200;;0;;0;;0;;;;0;;;;;;0;;;;;;;;;0;;;;;;;;;;;;;;;;;;;;;;;;0;;;0;0;;;;;0;;;;;;;;;;;;;;;;;;;;
GHA;GHANA;;0;0;0;0;0;0;0;;0;;;0;5000;;33000;0;0;0;200000;;;;0;;0;0;;;0;0;0;;;;;;0;;;;;;0;;;0;;;;;;;;;;;;;;;;;;;;;;;;;;;;;0;;;;;;;;;;;;;;;;;;;;;;;;;;;;;;;;;;;;;;;
GRC;GREECE;0;;0;;0;325;0;3735;0;;0;0;0;0;90;108;300;0;0;6300;0;0;;0;0;;0;0;0;0;0;0;;0;0;0;0;0;;;;;;;;;3600;0;0;0;;;;0;;;;;0;;0;0;;;;;;;;;;;;;;;;;;;;;;;0;;0;;;;;;;;;;;;;;;;;;;;;;;;;;;;
GRD;GRENADA;;;;;0;;;;;0;0;;;;;0;;;;;;;;;0;;;;;;;;;;0;;;;;0;;;;;;;;;;;;0;;;;;;;;;;;;;;;;;;;;;;;;;;;;;;;;;;;;;;;;;;;;;;;;;;;;;;;;;;;;;;;
GLP;GUADELOUPE;;;;;0;;;0;;;40;;;;;450;0;;;0;;;;;0;11000;0;;;;;;;;;0;;;0;;;;;;0;;;;0;;0;;;;;;;;0;;;;;;;;;;;;;;;;;;;;;;;;;;;;0;;;;;;;;;;;;;;;;;;;;;;;;;;;;
GUM;GUAM;;;;;;;;;;;0;;5100;;;;;5000;;;;0;5000;;;;;502;;;;;;;;;;;0;;;;;;;;;;;;;;0;;;;;;;;;;;;;;;;;;;;;;;;;;;;;;;;;;;;;;;;;;;;;;;;;;;;;;;;;;;;;;
GTM;GUATEMALA;;0;0;0;50640;991;0;0;0;0;;0;460;0;250;3775;0;;0;280;0;;0;0;0;0;1550;0;0;3500;0;0;0;;;0;;;1166000;;;0;;;;0;;;;;;;;;;;;;;;;;;;;0;;;;;;;;;;;;;;;;;;;;0;;;;;;;;;;;;0;;;;;;;;;;;;;;;0;;
GIN;GUINEA;0;0;0;4000;0;0;0;0;0;0;777;0;0;0;0;0;0;;;;0;0;;;;;;0;;;;0;;0;;;;;;;;;;;;;;;;;;;;;;;;;;;;;;;;;;;;;;;;;;;;;;;;;;;;;;;;;;;;;;;;;;;;;;;;;;;;;;;;;
GIN;GUINEA BISSAU;;;;;0;;750;;0;0;1000;0;0;;;0;300;0;0;;0;0;;;;;;3700;0;;;;0;;;;0;;;;;;0;;;;;;;;;;;;;;;;;;;;;;;;;;;;;;;;0;;;;;;;;;;;;;;;;;;;;;;;;;;;;;;0;;;;;;;;;;
GUY;GUYANA;;;;;0;;0;;0;0;;;;;0;;;0;10000;;;;;;;0;0;;;;;;;;;;;;;;;;;0;;;;;;;;;;;;;;;;;;;;;;;;;;;;;;;;;;;;;;;;;;;;;;;;;;;;;;;;;;;;;;;;;;;;;;;
HTI;HAITI;;33265;33330;540;0;9910;30;16109;0;185;16548;12470;0;0;1200;50;0;;115;;87000;0;0;;0;1000;200;0;13200;;;;;;835000;0;;0;;;0;;0;;;;0;;0;;0;0;0;;;0;;;;;0;;0;;;;;;;;;;;;;;;;;0;;;;;;;;;;;;;;;;;;;;0;;;;;;0;;;;;;;;;
HND;HONDURAS;0;0;0;0;7998;0;0;1865;0;800;0;0;144;25270;0;3000;0;0;0;0;15500;0;;;6000;0;925;;0;;0;;0;0;0;0;7500;;0;;0;0;0;0;;0;;;;0;;;;0;;;;;;;;;;;;;;;;;;;;;;;;;;;;;;0;;;;;;;;;;;;;;;;0;;;;;;;;;;;;;;;
HKG;HONG KONG (CHINA);;;;;0;0;0;;;0;;0;;;;0;;0;;;0;119;320;0;;1691;0;0;0;0;;2766;12700;0;0;1096;418;131;2424;1430;0;0;13855;1000;368;0;0;0;2672;200;0;;0;1171;0;0;;0;;;;;;;;;;0;;;;;;;;;;0;;;;;;;;;;;;;;0;;;;;;;;;;;;;;;;;0;;;;;;
HUN;HUNGARY;;0;0;;0;;0;0;0;0;9;0;0;0;0;2054;;0;200;;;;0;;;;;;0;;0;;;;;;;;;;;;;;0;;;;;;;;;;;;;;;;;;;;;;;;;;;;;;;;;;;;;;;;;;;;;;;;;;;;;;;;;;;;;;;;;;;;;;
ISL;ICELAND;;;;;0;;;;;;;;;;69;;;;0;0;;;;;;;0;;;;0;0;;;;;;;0;;0;0;;;;;;;;;;;;;;;;;;;;;;;;;;;;;;;;;;;;;;;;;;;;;;;;;;;;;;;;;;;;;;;;;;;;;;;;;
IND;INDIA;0;0;0;325000;907000;4000;2400000;0;4150000;464000;105000;236345;5200;1792000;252000;805500;0;32000;100000;1117285;62500;120000;500;400000;2000;2000;0;0;2850000;450000;10000;14000;0;0;0;10000;0;5432400;0;7002000;0;0;0;2000000;352000;0;0;0;0;0;0;0;0;2000;0;0;0;0;77000;375000;0;0;0;;0;0;0;;0;2000;0;0;0;;;;;;0;0;0;;;;;;2000;0;0;0;0;;;;0;;;;0;;;;;;;;;0;;0;;;;;0
IDN;INDONESIA;5250;0;3845;10095;4830;0;2920;46675;708365;0;532898;140;0;29600;61145;2700;2750;0;18090;45685;11330;0;104345;1000;0;5500;2500;1800;50000;0;20000;0;2000;11000;3800;32000;15000;0;0;;0;0;0;;0;0;0;48290;0;0;;0;;;;;0;;0;0;0;0;;0;;;;;;;;0;;;;;4710;;0;;;;2960;0;0;;0;0;;;11250;;;;;0;;0;;;0;;;;;0;;0;;;;;;;
IRN;IRAN ISLAM REP;;1500;0;;3500;0;0;0;0;1750;4000;67130;4500;0;6000;4070;16000;64000;2000;250;0;15000;6500;15000;106310;200;0;0;0;0;;375;;0;150000;0;0;0;0;0;;;0;;0;0;0;;0;0;0;;0;0;0;;0;0;0;;0;0;;0;0;;0;0;;;;;;;;;;;;;;;;;0;0;;;;;;;;;;;;;;;;;;;;0;;;;;;;;;
IRQ;IRAQ;;0;0;2000;;0;600;0;0;;0;0;;;;;0;0;;;;;;500;;;;;;;;;;;;;0;;;;;;;;;0;0;60000;;;;;;;;;;;;;0;;;;;;;;;;;;;;;;;;;;;;;;;;;;;;;;;;;;;;;;;;;;;;;;;;;;;;
IRL;IRELAND;0;;;0;;0;;;;0;0;0;0;;0;0;0;;0;;;0;;0;0;;;0;0;;;0;;;;;;;;;;;;;;;;;;;;;;;;;;;;;;;;;;;;;;;;;;;;;;;;;;;;;;;;;;;;;;;;;;;;;;;;;;;;;;;;;;;
ISR;ISRAEL;;0;;;0;;;;;;;;;;0;0;0;0;;0;;;0;0;;;;;;;;0;;;;;;;;;;;;;0;;;;;;;;;;;;;;;;;;;;;;;;;;;;;;;;;;;;;;;;;;;;;;;;;;;;;;;;;;;;;;;;;;;;;;
ITA;ITALY;0;0;14700;0;0;60000;0;0;0;0;0;0;9500;0;0;0;219;38000;0;;10300;0;0;0;2500;;;0;0;0;4300;1000;0;0;0;5000;0;0;137000;0;;0;0;0;1650;;3000;;1300000;0;;0;;;0;;;;;;5466;4000;;173500;;;0;;;;14000;;;;;0;;;;;;;;;0;;;;;;;;0;;0;;;;;0;;;;;;;0;;0;0;;;;;
JAM;JAMAICA;;;0;;0;;0;1188;0;0;0;;0;200;0;;;;800;;0;82;;1340;0;;0;0;0;300;;;;0;0;50000;;0;;;;0;;;;;0;;;;;0;;;;;;;;;;;;0;;;;;;;2000;;;;2000;;;0;;0;;0;0;;;;;;;;;1300;;;;;;0;;;;;94820;;;0;;0;;;;0;;;0
JPN;JAPAN;0;0;0;0;0;0;0;40668;99;0;5800;219;0;12;312;7011;0;0;264;251301;0;1620;0;351;507;0;0;0;0;0;0;1100;145000;22500;2000;0;3000;8000;0;0;0;0;0;0;;0;0;0;0;0;0;0;0;0;0;0;0;0;0;0;0;0;0;0;0;0;0;0;0;0;0;0;;;;;0;;;;0;0;;;0;;;0;0;;;0;;;;;;0;;;0;;0;;0;;;0;;;;;0;0;0
JOR;JORDAN;;;;;;;;;;;;;0;;0;0;;0;;;;;0;0;;0;;0;;;;;;0;;;;;;;;;;;;;;;2500;0;;0;;;;;;;;;;;;;;;;;;;;;;;;;;;;;;;;;;;;0;;;;;;;;;;;;;;;;;;;;;;;;;;;
KAZ;KAZAKHSTAN;0;;0;3762;5000;;0;;;0;0;0;;0;0;0;0;0;;0;;0;;;;;;;;;;;;;;;;;;;;;;;;;;;;;;;;;;;;;;;;;;;;;;;;;;;;;;;;;;;;;;;;;;;;;;;;;;;;;;;;;;;;;;;;;;;;;
KEN;KENYA;;0;0;5000;0;0;0;0;0;0;0;0;0;0;0;0;200;0;1000;;0;;;0;0;;0;;;;0;;0;;;0;;0;;0;;;;0;;;0;;;0;0;;;;;;;;;;;;;;;;;;;;;;;;;;;;;;;;;;;;;;;;;;;;;;;;;;;;;;;;;;;;;;;;
KIR;KIRIBATI;0;;;;;;85;;;;;;;;;0;;;;;;;;;;;;;;;;;;;;;;0;;;;;0;;;;;;;;;;;;;;;;;;;;;;;;;;;;;;;;;;;;;;;;;;;;;;;;;;;;;;;;;;;;;;;;;;;;;;;;
KOR;KOREA DEM P REP;;48688;33500;0;0;;;171649;84500;16093;199255;;19637;30000;147000;2905;0;29000;0;500000;;0;;;;;;0;;;;;;;;0;;;;;;;;;;;;;;;;;;;;;;;;;;;;;;;;;;;;;;;;;;;;;;;;;;;;;;;;;;;;;;;;;;;;;;;;;;;;;;;
KOR;KOREA REP;0;;0;2000;0;;0;600;0;1840;3077;15000;0;0;4137;6314;123376;115;28500;2600;86;8496;181;1500;0;0;0;154000;0;0;0;;0;0;0;0;0;0;0;;;;326000;0;0;0;0;0;65630;23214;43000;0;0;0;;0;;0;0;;;;;;;;;;;;;;;;;;;;0;;;;;;;;;;;;;;;;;;;;;;;;;;;;;;;;;;;;
KWT;KUWAIT;;;;;;;;;;;;0;;;;;;0;;;;;;;;;;;;;;;;;;;;;;;;;;;;;;;;;;;;;;;;;;;;;;;;;;;;;;;;;;;;;;;;;;;;;;;;;;;;;;;;;;;;;;;;;;;;;;;;;
KGZ;KYRGYZSTAN;0;;0;0;0;0;1055;0;50;2050;80;53;522;;0;;7728;30;;;13500;;32538;;;;;;;;;;;;;;;;;;;;;;;;;;;;;;;;;;;;;;;;;;;;;;;;;;;;;;;;;;;;;;;;;;;;;;;;;;;;;;;;;;;;;;;;;;;;
LAO;LAO P DEM REP;;0;;0;;0;0;0;;;;;0;0;0;0;;;0;1000000;0;0;0;0;;;0;0;;0;0;;;0;;;0;0;;;;;;15000;;0;600;;2000;;;;;;;;;;;;;;;;;;;;;;;;;;;;;;;;;;;;;;;;;;;;;;;;;;;;;;;;;;;;;;;;;;
LVA;LATVIA;;;0;;;;;;0;0;;0;;0;0;0;;;;;;;;;;;;;;;;;;;;;;;;;;;;;;;;;;;;;;;;;;;;;;;;;;;;;;;;;;;;;;;;;;;;;;;;;;;;;;;;;;;;;;;;;;;;;;;;;;;
LBN;LEBANON;;;;;;;;0;;;;0;0;;;;;;;;;;4000;;;;;0;;;;0;;;;;;;;;;;;;;;;;;;;;;;;;;;0;0;;;;;;;;;;;;;;;;;;;;;;;;;;;;;;;;;;;;;;;;;;;;;;;;;;;;;;;
LSO;LESOTHO;;;;0;;;0;0;;;;;0;1000;0;0;;;20;;;;0;;0;0;;0;;0;;0;;;;;;;;;0;;;;;;0;;;;;;;;;;;;;;;;;;;;;;;;;;;;;;;;;;;;;;;;;;;;;;;;;;;;;;;;;;;;;;;;;;;;
LBR;LIBERIA;0;;;;0;0;340;3500;;0;;0;0;;0;0;0;;0;2000;;;;;0;;;;;;;0;0;;0;;;;;;;;;;;;;;;;;;;;;;;;;;;;;;;;;;;;;;;;;;;;;;;;;;;;;;;;;;;;;;;;;;;;;;;;;;;;;;;;
LBY;LIBYAN ARAB JAMAH;;0;;;;;;;;;;;;;;;;;;0;;;;;;;;;;;;;;;;;;;;;;;;;;;;;;;;0;;;;;;;;;;;;;;;;;;;0;;;;;;;;;;;;;;;;;;;;;;;;;;;;;;;;;;;;;;;;;;;;
LTU;LITHUANIA;;;0;;0;;;;0;0;;;;0;;0;;;;;;0;0;;;;;;;;;;;;;;;;;;;;;;;;;;;;;;;;;;;;;;;;;;;;;;;;;;;;;;;;;;;;;;;;;;;;;;;;;;;;;;;;;;;;;;;;;;;;
LUX;LUXEMBOURG;;;;;0;;;;;;;0;;;;;;;;0;;0;;;0;;;;;;;0;;;;;;;;;;;;;;;;;;;;;;;;;;;;;;;;;;;;;;;;;;;;;;;;;;;;;;;;;;;;;;;;;;;;;;;;;;;;;;;;;;;
MAC;MACAU;;;;;;;;;;;;0;;;;;;;;;;2748;;;;;;;;;;;;;;;;;;;;;;;;;;;;;;;;;;;;;;;;;;;;;;;;;;;;;;;;;;;;;;;;;;;;;;;;;;;;;;;;;;;;;;;;;;;;;
MKD;MACEDONIA FRY;;0;0;;;;;0;0;0;0;0;150;0;0;;;;;0;;0;;;;;;;;;;;;;;;;;;;;;;;;;;;;;;;;;;;;;;;;;;;;;;;;;;;;;;;;;;;;;;;;;;;;;;;;;;;;;;;;;;;;;;;;;;;;;
MDG;MADAGASCAR;;0;0;25845;0;8102;194338;12000;404;8877;258450;51605;5000;;0;0;0;80000;0;;40000;;;125000;;0;0;;0;;0;0;70000;0;;;0;0;8850;0;;;10000;;0;3000;10000;;;;;;;;;;;;;;;;;;;;;;;;;;;;;;;;;;;;;;;;;;;;;;;;;;;;;;;;;;;;;;;;;;;;
MWI;MALAWI;;0;0;0;0;20550;0;2659;16000;44500;;1000;0;0;0;0;0;0;;1300;;;0;150000;0;150000;;0;;;;;0;;;0;;;;;;;;;;0;;0;;;;;;;;;;;;;;;;;;;;;;;;;;;;;;;;;;;;;;;;;;;;;;;;;;;;;;;;;;;;;;;;;;;
MYS;MALAYSIA;;0;;0;;0;0;29000;0;0;19296;0;0;0;0;0;0;0;3250;3000;;5000;;0;;;0;0;0;;;0;;;;;0;0;;;;;;;0;;0;15000;;0;;;;;;;;;;;;;;;;;;;;;;;;;;;;;;;;;;;;;;;;;;;;;;;;;;;;;;;;;;;;;;;;;
MDV;MALDIVES;;;;0;;;;0;;;13000;;;;;;;;;;;;;23849;;;;0;;;;;;;;;0;;;;;;;;;;;;;;;;;;;;;;;;;;;;;;;;;;;;;;;;;;;;;;;;;;;;;;;;;;;;;;;;;;;;;;;;;;;;;;
MLI;MALI;;0;;0;0;0;2500;46162;1000;1860;0;10000;0;0;0;200;4650;0;0;;;;;0;;0;10000;0;0;0;0;;;0;0;0;0;;;;;;;;;0;;;0;;;;;;;;;;;;;;;;;;;;;;;;;;0;;;;;;;;;;;;;;;;;;;;;;;;;;;;;;0;;;;;;;;;;
MHL;MARSHALL IS;0;0;;;;;0;;;;;;;;0;;;;;;;;;6000;;;;;;;;;;;;;;;;;;;;;;;;;;;;;;;;;;;;;;;;;;;;;;;;;;;;;;;;;;;;;;;;;;;;;;;;;;;;;;;;;;;;;;;;;;;
MTQ;MARTINIQUE;;;;0;0;;;0;;;;;;;;200;;;0;0;;3000;;;0;0;;;;;;;;;0;0;;;;;;;;;0;;;0;;;;0;;;0;;;;;;;;;;;;;;;;;;;;;;;;;;;;;;;;;;;;;;;;;;;;;;;;;;;;;;;;;;0;;
MRT;MAURITANIA;;2305;;0;0;0;;0;10600;0;0;21000;0;3000;;20160;0;0;0;192;;0;;0;;;0;0;;900;0;;0;;0;;0;;0;;;;;;;0;;;;0;;;;;;;;;;;;;;;;;;;;;;;;;0;;;;;;;;;;;;;;;;;;;;;;;;;;;;;;0;;;;;;;;;;
MUS;MAURITIUS;;0;;;;;;0;0;;;;1000;;;0;;;0;;1500;;;1500;;0;;;;0;0;0;0;;0;5000;;;;0;;;0;;;;;3500;;;;;;;0;;;;;;;;;;;;;;;;;;;;;;;;;;;;;;;;;;;;;;;;;;;;;;;;;;;;;;;;;;;;
MEX;MEXICO;;0;4000;40000;0;0;0;30000;0;300000;0;3000;0;800;0;88000;120;50000;18750;58275;0;55790;16000;44200;0;0;25000;200;0;100000;0;32500;15000;0;0;0;0;0;100000;0;0;0;0;0;0;0;0;0;10000;0;0;;0;0;;0;;0;;0;0;;0;0;;0;;;;;;0;;0;;;;;;;;;;;;0;;;;;;;;;;;;;;;;;;;;;;;;;;;;;
FSM;MICRONESIA FED STATES;;;;;;;0;;;;0;1000;175;;0;;0;;;;;;;;;;;200;;;;;;;;;;;;;;;;;;;;;;;;;;;;;;;;;;;;;;;;;;;;;;;;;;;;;;;;;;;;;;;;;;;;;;;;;;;;;;;;;;;;;;;
MDA;MOLDOVA REP;;;0;;0;;0;0;0;0;;;0;;0;753;;96;;;25500;;;;;;;;;;;;;;;;;;;;;;;;;;;;;;;;;;;;;;;;;;;;;;;;;;;;;;;;;;;;;;;;;;;;;;;;;;;;;;;;;;;;;;;;;;;;;;
MNG;MONGOLIA;;;;;;0;0;;;;;150;0;0;0;;;;0;;0;0;;0;0;;;;0;;;;0;;;;;;;;;;;;;;;;20000;;;;;;;;;0;;;;;;;;;;;;;;;;;;;;;;;;;;;;;;;;;;;;;;;;;;;;;;;;;;;;;;;;;
MNE;MONTENEGRO;;;0;;0;0;;0;;;;;;;;;;;;;;;;;;;;;;;;;;;;;;;;;;;;;;;;;;;;;;;;;;;;;;;;;;;;;;;;;;;;;;;;;;;;;;;;;;;;;;;;;;;;;;;;;;;;;;;;;;;
MSR;MONTSERRAT;;;;;;;;;0;;;;;;;;;0;0;0;;;;;0;12000;;;;;;;;;;;;;;;;;;;;;;;;;;;;;;;;;;;;;;;;;;;;;;;;;;;;;;;;;;;;;0;;;;;;;;;;;;;;;;;;;;;;;;;;;;
MAR;MOROCCO;0;;0;;0;0;0;;0;0;12539;0;0;0;0;0;;0;0;0;;;;;;;0;0;;;0;0;2216;;;732;;38000;;0;;;;0;0;;;;0;0;0;0;;;0;;;;;;0;;;0;;;;;;;;;;;;;;;;;;;;;;;;;;;;;;;;;;;;;;;;;;0;;;;;;;;;
MOZ;MOZAMBIQUE;;0;0;0;0;6500;58000;3500;1440;9000;;0;4500;0;1050;0;2500;0;0;;500000;;0;0;0;0;0;0;;0;0;0;;0;0;0;25000;40000;;0;;;;0;;;;0;;;;;;;;;;;0;;;;;;;;;;;;;;;;;;;;;;;;;;;;;;;;;;;;;;;;;;;;;;;;;;;;;;;;
MMR;MYANMAR;;0;0;3152;0;0;0;4237;0;0;28200;;0;3750;;50000;;33768;;12401;0;;0;0;;;;;;;;0;0;20000;;0;54000;0;200000;0;0;;;;0;;30000;0;;0;;200;;;;;;;;;;;;;;;;;;;;;;0;;;;;150000;;;;;;0;;;;40000;;;0;;;;;;;;;;;;;;;;;;;;;0;;
NAM;NAMIBIA;;0;0;0;0;0;0;0;0;;0;0;0;0;0;;0;;;0;;;;0;;;0;;;;;;0;;;;;;;;;;;;;;;;;;;;;;;;;;;;;;;;;;;;;;;;;;;;;;;;;;;;;;;;;;;;;;;;;;;;;;;;;;;;;;;;;;
NPL;NEPAL;0;4314;0;0;0;0;0;0;80000;0;0;15575;0;0;0;4000;50000;0;13650;3000;;200;50000;0;0;0;0;0;0;2000;0;0;0;0;35000;0;700;;0;0;;;0;;0;;0;0;0;;0;0;;;;;;;;;0;;;;;;;;;;;;;;;;;;;;0;;;;;;;;;;;;;;;;;;;;;;;;;;;;;;;;;;
NLD;NETHERLANDS;;0;0;;0;;0;0;0;0;;0;0;;;0;0;0;;0;0;0;0;;0;;;;0;0;0;;;;;;;;0;;;;0;;;;;;;;;;;;;;;;;;;0;;;;;;;;;;;;;;;;;;;;;;;;;;;;;;;;;;;;;;;;;;;;;;;;;;;;;
NLD;NETHERLANDS ANTILLES;;;;;;;;;;;;;;;;;;;;0;;;;;;0;;;;;;;;;;;;;;;;;;;;;;;;;;;;;0;;;;;;0;;;;;;;;;;;;;;;;;;;;;;;;;;;;;;;;;;;;;;;;;;;;;;;;;;;;;;
NCL;NEW CALEDONIA;;;;;;;;;;;;1000;;;;0;;;;;;;;;;0;;;;;;;;0;;;;;0;0;;;0;;;0;0;;;;;;;;;0;;;;0;;;;0;;;0;;;;;;;;;0;;;;;;;;;;;;;;;;;;;;;;;;;;;;;;;;;;;;;;;
NZL;NEW ZEALAND;;0;0;300;0;;;0;0;400;0;0;0;0;0;0;0;0;0;0;0;;0;0;;0;0;0;0;0;0;0;;0;0;0;0;0;0;;;;;;;;0;;;;;;;;;;;;;;;0;;;;;;;;;;;;;;;0;;;;;;;0;;0;;;;;;;;;;;0;;;;;;;;;;;;;;;;;;
NIC;NICARAGUA;0;0;0;0;0;0;0;0;;5763;0;;3004;0;5650;7105;10;0;0;0;0;0;0;0;0;;60000;;;;;;0;;0;0;;;0;;;;300000;2400;;0;260;0;;;;;;;0;;;;;;;;;0;;;;;;;;;;;;;;;;;;;;0;;;;;;;;;;;;;;;;;;;;;;;;;0;;;;;;
NER;NIGER;;0;0;28175;6615;0;0;0;46472;0;0;0;0;0;0;12789;20000;0;0;0;61992;;;0;0;0;0;0;0;;0;;;;0;;;;;;0;;;;0;0;;;0;;;;;;;;;;;;;;;;;;;;;;;;;;0;;;;;;;;;;0;;;;;;;0;;;;;;;;;;0;;;0;;;;0;;;0;;;
NGA;NIGERIA;;0;0;500;0;0;0;0;10000;3000;0;0;200;5802;6300;37000;107000;;0;;400000;;0;0;0;0;301500;0;0;0;;0;;;;;0;;;;;;;;;0;;;;;;;;;;;;;;;;;;;;;;;;;;;;;;;;;;;;;;;;;;;;;;;;;;;;;;;;;;;;;;;;;;;;;
NIU;NIUE;;;;;;;;;;;500;;;;;0;;;;;;;;;0;;;;;;;;;;;;;;;;;;;;;;0;;;;;;;;0;0;;;;;;;;;;;;;;;;;;;;;;;;;;;;;;;;;;;;;;;;;;;;;;;;;;;;;;;;;;;
MNP;NORTHERN MARIANA IS;;;;;;;;;;;0;;300;;;;;;;;;;;;;;;;;;;;;;;;;;;;;;;;;;;;;;;;;;;;;;;;;;;;;;;;;;;;;;;;;;;;;;;;;;;;;;;;;;;;;;;;;;;;;;;;;;;;;;
NOR;NORWAY;;;;0;;;0;;;0;;;;0;0;;;;;0;;0;0;;0;;;;;;;;;;;;;;;;;;;;;;;;;;;;;;;;;;;;;;;;;;;;;;;;;;;;;;0;;;;;;;;;;;;;;;;;;;;;;;;;;;;;;;;;;;;
OMN;OMAN;;;;0;0;;;0;;;;0;0;;;;;;;;;;;;;;;;;;;;;0;;;;1500;;;;;;;;;;;;;;;;;;;;;;;;;;;;;;;;;;;;;;;;;;;;;;;;;;;;;;;;;;;;;;;;;;;;;;;;;;;;;
PAK;PAKISTAN;;0;0;0;0;0;0;0;5600;5003500;2320;2500;5000;500;0;222090;3600;25000;0;0;0;100;2953515;29465;0;0;1000000;;0;0;2000;0;0;0;0;0;10000;245000;0;0;5200;0;;;;;0;0;;0;0;;;;;0;;0;0;;0;0;;;0;;;;;0;10000;;;;;0;;;;0;;;;;;;;;0;;;;;;;;;;;;;;;;;;;;;;;;;;
PLW;PALAU;;0;;;;;;;;;;;;;;;;;;;;;;;;;;;;;;;;;;;;;;;;;;;;;;;;;;;;;;;;;;;;;;;;;;;;;;;;;;;;;;;;;;;;;;;;;;;;;;;;;;;;;;;;;;;;;;;;;
PSE;PALESTINE (WEST BANK);;0;0;;500;;0;;;;;;;;;;;;;;;;;;;;;;;;;0;;;;;;;;;;;;;;;;;;;;;;;;;;;;;;;;;;;;;;;;;;;;;;;;;;;;;;;;;;;;;;;;;;;;;;;;;;;;;;;;;;;
PAN;PANAMA;;0;0;0;0;0;0;0;1290;0;0;340;1500;775;1000;395;0;;;0;;;0;9000;;;2000;;2500;;0;0;;;;;0;;;;;0;0;;0;;;;1000;;0;;;;;;;;;;;;;;;;;;;;;;;;;;;;;;;;;;;;;;;;;;;;;;;;;;;;;;;;;;;;;;;;
PNG;PAPUA NEW GUINEA;;0;0;0;;0;0;0;22000;200;0;0;1000;200;5000;38000;0;7500;0;;46000;65000;0;5000;0;;0;0;0;0;;0;;;0;0;;;;;;;0;0;0;;;;;;;;;;0;;;0;;;;;;0;;;;;;;;;;;;;;0;;;;;;;0;;;;;;;;;;;;;;;;;;;;;;;;;;;;;;
PRY;PARAGUAY;;0;0;2000;0;0;0;0;0;0;0;;12500;;0;0;0;0;;0;;;0;;0;;15000;;;;;0;0;;;70000;;;;;;;;0;;;;;2500;0;;0;;;;;;;;;;;;;;;;;;;;;;;;;;;;;;;;;;;;;;;;;;;;;;;;;;;;;;;;;;;;;;;
PER;PERU;5400;5247;51385;1705;1000;150;0;0;325;0;70;3950;0;125015;50;252250;0;0;20780;0;12000;0;0;0;32500;500;1000;840;466;4300;0;0;5000;5000;0;100;5000;300;;;1500;0;75000;0;5000;0;0;10000;49256;0;;;0;;0;;0;;;;;0;;;0;;;0;0;;;0;;0;0;;;;;;;;;;;;;;;;;;;;;;;;;;;0;;;;;;;;;;;;;
PHL;PHILIPPINES;0;0;35762;0;0;110;54645;0;0;0;8700;83203;3000;100000;125250;9781;0;0;96000;118500;375787;306122;9267;80873;1110020;161364;66321;325139;6633;256;1321526;29860;329083;11458;540079;61535;22911;15679;110;698;6441;45000;397647;46500;67200;0;45313;0;90000;8000;0;2000;0;;0;0;;0;0;0;0;;0;0;0;0;0;;0;;;;;;0;;0;0;0;;0;;2500;0;;;;;;;;;;;;;0;;;;;;0;0;;;;;;0;;;;;
POL;POLAND;0;0;0;0;0;0;0;0;0;0;0;;0;0;0;0;0;62000;;;0;;0;;0;;;0;;;;0;1824;;0;;;0;;;;;;;;;;;;;;;;;;;;;;;;;;;;;;;;;;;;;;;;;;;;;;;;;0;;;;;;;;;;;;;;;;;;;;;;;;;;;;
PRT;PORTUGAL;0;46;;;0;0;38;;0;0;0;0;60;200;60;;;200;0;;;;;0;;0;;;0;0;;0;;0;;10000;;;;;;0;;;;;;0;;;;;;;;;;;;;;;;;;;;;;;;;;;;;;;;;;;;;;;;;;;;;;;;;;;;;;;;;;;;;;;;;;;
PRI;PUERTO RICO;;;0;771;;;;0;;;0;100;;180;;0;0;;0;0;0;;0;;;0;;;;0;;;;0;;0;;;;0;;;;;0;;;;;;;;;;0;;;;;;;;;;;;;;;;;;;;;;;;;;;;0;;;;0;;;;;;;;;;0;;;;;;;;;;;;;;;;;;
REU;REUNION;;;;;;;;0;;0;;;2800;;600;;;;;;;0;;;;0;;0;;;0;;;;0;;;0;;;;;;;;;;;;;;;;;;;;;;;;;;;;;0;;;;;;;;;;;;;;;;;;;;;;;;;;;;;;;;;;;;;;;;;;;;;;;;
ROU;ROMANIA;0;0;0;;0;0;0;0;5000;800;0;600;3900;0;731;920;0;122320;0;5000;5400;200;;12000;0;;;;;;0;0;;;;;;175000;;0;;;;;0;;;;;;;;;;;;;;;;;;;;;;;;;0;;;;;0;;;;;;0;;;;;;0;;0;;;;;;;;;;0;;;0;0;;;;0;;;;;;;;
RUS;RUSSIA;;0;5752;0;1200;;0;7500;0;0;1000;1800;1620;400;19100;6440;36683;0;600;1200;2529;0;0;;;;;;;;;;;;;;;;;;;;;;;;;;;;;;;;;;;;;;;;;;;;;;;;;;;;;;;;;;;;;;;;;;;;;;;;;;0;;;;;;;;;;;;;;;;;;
RWA;RWANDA;;;0;0;5920;;0;0;0;;0;7000;0;0;0;0;0;;0;;;;;0;;0;0;;;;0;;;;;;0;;0;;0;;;;;;;;;;;;;;;;;;;;;;;;;;;;;;;;;;;;;;;;;;;;;;;;;;;;;;;;;;;;;;;;;;;;;;;;;;
WSM;SAMOA;;;0;;;0;;;;0;0;;;0;;;;;;;;;;3000;25000;0;;;;;;0;;;;;;;;;;;;;;;0;;0;;0;;;;;;;;;;;;;;;;;;;;;;;;;;;;;;;;;;;;;;;;;;;;;;;;;;;;;;;;;;;;;;;;
STP;SAO TOME ET PRINCIPE;;;;;;;;;;;;;;;;;;;;;;;;;;0;;;0;;;0;;;;;;;;;;;;;;;;;;;;;;;;;;;;;;;;;;;;;;;;;;;;;;;;;;;;;;;;;;;;;;;;;;;;;;;;;;;;;;;;;;;
SAU;SAUDI ARABIA;;0;0;0;0;10000;;;;0;0;0;0;0;0;;;;;;;;;;;;;;;5000;;;0;;;;;;;;;;;;;;;;;;0;;;;;;;;;;;;;;;;;;;;;;;;;;;;;;;;;;;;;;;;;;;;;;;;;;;;;;;;;;;;;;;;
SEN;SENEGAL;;0;0;0;0;0;0;0;;0;1000;6492;0;;0;30000;0;;;0;17500;0;;;;;10000;0;0;0;0;0;0;;;0;0;0;;;;;;;;0;;;0;0;;;;;;;;;;;;;;;;;;;;;;;;;0;;;;;;;;;;;;;;;;;;;;;;;;;;;;;;0;;;;;;;;;;
SRB;SERBIA;0;0;0;;1470;0;;0;;;;;;;;;;;;;;;;;;;;;;;;;;;;;;;;;;;;;;;;;;;;;;;;;;;;;;;;;;;;;;;;;;;;;;;;;;;;;;;;;;;;;;;;;;;;;;;;;;;;;;;;;;;
SRB;SERBIA MONTENEGRO;;;;;;;;;0;1845;;;0;0;12;10369;;;;;;;6000;;;;;;;;;;;;;;;;;;;;;;;;;;;;;;;;;;;;;;;;;;;;;;;;;;;;;;;;;;;;;;;;;;;;;;;;;;;;;;;;;;;;;;;;;;;;
SYC;SEYCHELLES;0;0;;;;;;;0;;70;;0;;;;;110;;;;;;;;;;;;;;;;;;;;;;;;;;;;;;;;;;;;;;;;;;;;;;;;;;;;;;;;;;;;;;;;;;;;;;;;;;;;;;;;;;;;;;;;;;;;;;;;;
SLE;SIERRA LEONE;0;2257;0;0;0;0;0;0;;0;0;0;;0;0;0;0;0;0;;;;;;;;;;;0;0;;;;;;;;;0;;;;;;;;;;;;;;;;;;;;;;;;;;;;;;;;;;;;;;;;;;;;;;;;;;;;;;;;;;;;;;;;;;;;;;;;;;;
SGP;SINGAPORE;;;;;;;;;;;;0;;;0;0;;;;;;;;;;;;;;;;;;;;;;;;;;;;;;;;;;;;;;;;;;;;;;;;;;;;;;;;;;;;;;;;;;;;;;;;;;;;;;;;;;;;;;;;;;;;;;;;;;;
SVK;SLOVAKIA;;0;0;;0;;;0;0;0;0;0;0;0;0;941;756;0;;;;;;;;;;;;;;;;;;;;;;;;;;;;;;;;;;;;;;;;;;;;;;;;;;;;;;;;;;;;;;;;;;;;;;;;;;;;;;;;;;;;;;;;;;;;;;;;;
SVN;SLOVENIA;0;;0;;;;;1050;;0;0;0;;;;;700;;;;;;;;;;;;;;;;;;;;;;;;;;;;;;;;;;;;;;;;;;;;;;;;;;;;;;;;;;;;;;;;;;;;;;;;;;;;;;;;;;;;;;;;;;;;;;;;;;
SLB;SOLOMON IS;0;0;0;0;590;0;0;0;;;;150;1100;;;;0;0;;;;0;0;;;;500;;60000;0;;;0;;;0;;0;;0;;;;0;;;200;0;0;;;;;;;;;;0;;;;;;;;;;;;;;;;;0;;;;;;;;0;;;;;;;;;;;;;;;;;;;;;;;;;;;;;;;
SOM;SOMALIA;;0;20000;0;200;0;0;2000;0;2500;1500;0;0;0;220000;0;0;230000;0;0;0;;;;;0;0;30000;0;0;;0;;0;0;;;0;;;0;;;;;0;;;;0;0;;;0;;;;;;;;;;;;;;;;;;;;;;;;;;;;;;;;;;;;;;;;;;;;;;;;;;;;;;;;;;;;;
ZAF;SOUTH AFRICA;0;0;0;3500;0;0;3500;1600;0;0;15000;600;1000;600;650;8300;0;0;500;0;2000;15000;;0;0;;0;0;0;;0;0;0;185;0;;0;0;;;0;;;;;0;0;;;;0;;;;;0;;;;;;;0;;;;;;;;;;;;;;;;;;;;;;;;;;;;;;;;0;;;;;;;;;;;;;;;;;;;;
SSD;SOUTH SUDAN;;0;0;;;;;;;;;;;;;;;;;;;;;;;;;;;;;;;;;;;;;;;;;;;;;;;;;;;;;;;;;;;;;;;;;;;;;;;;;;;;;;;;;;;;;;;;;;;;;;;;;;;;;;;;;;;;;;;;
ESP;SPAIN;0;0;0;15000;0;0;;0;0;0;0;0;0;0;0;0;0;0;0;0;0;;;0;0;0;;0;;0;0;6000;0;0;0;0;0;;;;;0;0;0;;;;;;;;;0;;;;;0;0;;;0;;;;;;;;;;;;;;;;;;;;;;;;;;;;;;;;;;;;;;;;;;;;;;;;;;;;;
LKA;SRI LANKA;;3861;69000;1060273;0;60000;0;0;0;0;480000;0;0;160;0;375000;75000;0;10000;120000;728150;40000;261140;197151;0;200000;0;0;0;0;390000;250000;0;0;0;0;0;0;;;0;;;;;0;;0;100000;;100000;;;;;;;0;;;;;;;;;;;;;;;;;;;;;;;;;;;;;;;;;;;;;;;;;;;;;;;;;;;;;;;;;
SHN;ST HELENA;;;;;;;;;;;;;;0;;;;;;;;;;;;;;;;;;;;;;;;;;;;;;;;;;;;;;;;;;;;;;;;;;;;;;;;;;;;;;;;;;;;;;;;;;;;;;;;;;;;;;;;;;;;;;;;;;;;;
KNA;ST KITTS AND NEVIS;;;;;;;;;;;;;;;;100;0;;;0;;;;;0;1300;;0;;;0;;;;;;;;;;;;;;;;;;;;;;;;;;;;;0;;;;;;;;;;;;;;;;;;;;;;;;;;;0;;;;;;;;;;;;;;;;;;;;;;;;;;;;
LCA;ST LUCIA;;0;;;0;;;0;;;0;;;;;200;;;0;;150;;;;;;0;0;0;;;0;;;10000;;;;;;;;;;;;;0;;;;0;;;0;;;;;;;;;;;;;;;;;;;;;;;;;;;;;;;;;;;;;;;;;;;;;;;;;;;;;;;;;;;;
VCT;ST VINCENT AND THE GRENADINES;;62;;0;100;;;;;0;0;;0;;;0;;;;;;;0;;;;;200;0;;;;;;500;0;;0;;;;;;0;;;;0;;;;;;;;;;;;0;;;;;;;;;;;;;;;;;;;;;;;;;;;;;;;;;;;;;;;;;;;;;;;;;;;;;0;;
SDN;SUDAN;;0;0;0;10000;0;0;200000;6000;4780;0;0;0;0;0;45000;100000;0;55700;;0;2000;;0;0;;1000000;0;0;;;30000;;;0;;0;;0;0;;;;;;;;;0;0;;;;;;;;;;;;;;;0;;;;;;;;;;0;;;;;;;;;;;;;;;;;;;;;;;;;;;;;;;;;;;;;;;;
SUR;SURINAME;;;;;;;0;;0;;;;;;;;;;;;;;;;;;;;;;;;;;;;;;;;;;;;;0;;;;;;;;;;;;;;;;;;;;;;;;;;;;;;;;;;;;;;;;;;;;;;;;;;;;;;;;;;;;;;;;;;;;;
SWZ;SWAZILAND;;;;;;;0;0;0;260;;;;0;0;;;;0;;;;0;;0;;;;;;500;0;;;;;;;;;;;;;;;;;;;;;;;;;;;;;;;;;;;;;;;;;;;;;;;;;;;;;;;;;;;;;;;;;;;;;;;;;;;;;;;;;;;
SWE;SWEDEN;;0;;;;;;;;0;;0;0;;;0;;;;;;;;;0;;;;;0;;;;;;;;0;0;;;;;;;;;;;;;;;;;;;;;;;;;;;;;;;;;;;;;;;;;;;;;;;;;;;;;;;;;;;;;;;;;;;;;;;;;;;;
CHE;SWITZERLAND;;0;0;0;0;0;;0;0;0;;0;0;0;0;0;0;0;;;0;0;;;0;;0;0;0;0;0;0;0;;;;;0;0;0;;;;;0;;0;;;0;;;;;;;;;;;;;;0;;;;;;;;;;;;;;;;;;;;;;;;;;;;;;;;;;;;;;;;;;;;;;;;;;;
SYR;SYRIAN ARAB REP;;;;;;;0;;0;;0;;0;0;;0;;;;;;;;;;;;;;;;;;;;;;0;;;75000;;;;;;;0;;;;;;;;;;;;;;;;;;;;;;;;;;;;;;;;;;;;;;;;;;;;;;;;;;;;;;;;;;;;;;;;;;;
CHN;TAIWAN (CHINA);;0;0;;0;0;0;1800;0;0;0;0;0;2000;2000;100000;0;0;0;;0;;0;0;0;0;;0;0;;0;0;;0;;;;0;;;;;;;;0;;0;0;0;23000;;0;0;0;0;0;;;;;0;;0;;;;;;;;;;;;;;;;0;;;;;;;;;;;0;;;;;;;;;;;;;0;;;;;0;;;;;;
TJK;TAJIKISTAN;0;0;0;0;1134;0;0;125;0;735;0;780;3490;150;0;4503;916;0;0;0;1051;60357;0;;0;;;;;;;;;;;;;;;;;;;;;;;;;;;;;;;;;;;;;;;;;;;;;;;;;;;;;;;;;;;;;;;;;;;;;;;;;;;;;;;;;;;;;;;;;;
TZA;TANZANIA UNI REP;0;;0;6776;;0;1942;0;21500;0;0;0;2000;1050;1835;0;0;2104;0;20000;9500;280;;0;20868;0;0;0;6000;0;0;0;0;;0;0;0;0;;;18000;;;;;;0;0;;;3900;;;;;;;;;;;;;;;;;;;;;;;;;;;;;;;;;;;;;;;;;;;;;;;;;;;0;;;0;;0;;;;;;;0;
THA;THAILAND;0;15254;0;0;0;0;1000;0;0;0;50;0;36104;4730;0;200;;0;0;56984;62141;30388;27120;37507;0;45000;0;0;0;0;0;0;;0;0;;0;0;;0;;;;;;;;;5000;;;;0;;;;;;;0;;;;;;;;;;;;;;;;;;;;;;;;;;;;;;;;;;;;;;;;;;;;;;;;;;;;;;;
TLS;TIMOR-LESTE;0;;;;;;;0;0;0;;0;;0;;;;;;;;;;;;;;;;;;;;;;;;;;;;;;;;;;;;;;;;;;;;;;;;;;;;;;;;;;;;;;;;;;;;;;;;;;;;;;;;;;;;;;;;;;;;;;;;;;;;;
TGO;TOGO;;0;;;0;0;0;13374;0;;;0;0;0;;0;0;;0;75000;1500;;;;;0;0;;;;;0;;;;;;;;;;;;0;;;;;0;;;;;;;;;;;;;;;;;;;;;;;;;;;;;;;;;;;;;;;;;;;;;;;;;;;;;;;;;;;;;;;;;;
TKL;TOKELAU;;;;;;;;;;25;;;;;;;;;;;;;;;102;;;30;;;;;;;;;;;;;;;;;;;;;0;;;;;;;;;;;;;;;;;;;;;;;;;;;;;;;;;;;;;;;;;0;;;;;;;;;;;0;;;;;;;;;;;;;;
TON;TONGA;0;;;0;;0;;;;;0;;;0;;;0;3000;;;;;;;500;;;;;;;;46500;;;;;500;;;;200;;;;;;;;;;;;0;;;;;;;;;;;;;;;0;;;;;;;;;;;;;;;;;;;;;;;;;;;;;;;;;;;;;;;;;;;;;;
TTO;TRINIDAD AND TOBAGO;;;;;0;;;;;0;0;;;;;;;215;0;;;10;;;0;;;;;;;;;;;;;;;;0;;;;;;;;;;;0;;;;;;;;;;;;;;;;;;;;;;;;;;;;;;0;;;;;;;;;;;;;;;;;;;;;;;;;;;;;;;;;
TUN;TUNISIA;;;;;;0;;0;;;;0;;;;;;;;;;;;;0;;0;;2500;;;;0;;;0;;0;;;;0;;;;0;;;;;0;;0;;;;;0;;;;;;;;;;;;;;;;;;;;;;;;;;;;;;;;;;;;;;;;;;;;;;;;;;;;;;;;;
TUR;TURKEY;;0;0;32075;200;0;300;36;0;0;50000;45000;30000;0;350;655000;128100;;9000;48500;0;0;95000;0;0;;685;0;250;65;0;33000;;0;0;;2500;0;51000;0;0;;0;27465;0;0;0;87000;0;0;0;;0;;;;;0;0;;;0;0;0;;0;0;;0;;0;0;0;;0;0;0;;;;;;;;;;0;;;;;;;;;;;;;;;;0;;;;;;;;;0;;;
TKM;TURKMENISTAN;;;;;;;;;;;;;;;0;;;;;;;120;;;;;;;;;;;;;;;;;;;;;;;;;;;;;;;;;;;;;;;;;;;;;;;;;;;;;;;;;;;;;;;;;;;;;;;;;;;;;;;;;;;;;;;;;;;;;
TCA;TURKS AND CAICOS IS;;;;;;;0;;;;0;;;;;;;;;;;;;;0;;;;;0;;;;;;;;;;;;;;;;;;;;;;;;;;;;;;;;;;;;;;;;;;;;;;;;;;;;;;;;;;;;;;;;;;;;;;;;;;;;;;;;;;;;;
TUV;TUVALU;;;;0;;;;;;;;;;;;;;;;;;150;;;400;;;0;;;0;;;;;;;;;;;;0;;;;;;;;;;;;;;;;;;;;;;;;;;;;;;;;;;;;;;;;;;;;;;;;;;;;;;;;;;;;;;;;;;;;;;;;
UGA;UGANDA;;0;3368;0;0;0;0;282975;0;0;20000;1500;200;300;10000;0;2200;3500;0;;0;;0;0;0;0;0;0;0;;;;0;;;0;;;;;;;;;;;;0;0;;;;;;;;;;;;;;;;;;;;;;;;;;;;;;;0;;;;;;;;;;;;;;;;;;;;;;;;;;;;;;;;;;0;
UKR;UKRAINE;;1995;0;;0;0;0;1267;0;0;;0;;0;0;;24340;0;0;0;0;0;0;;;;;;;;;;;;;;;;;;;;;;;;;;;;;;;;;;;;;;;;;;;;;;;;;;;;;;;;;;;;;;;;;;;;;;;;;;;;;;;;;;;;;;;;;;;;
GBR;UNITED KINGDOM;0;0;0;;0;0;0;30000;;0;0;0;0;0;0;0;0;0;0;0;0;0;;0;0;0;;0;0;0;0;0;;0;;;;0;0;;;;0;;;;0;;0;;;;;;;;;;;;;;0;;;;;;;;;;;;;;;;;;;;;;;;;;;;;;;;;;;;;;;;;;;;;;;;;;;;
USA;UNITED STATES;150;8247;1305;32100;0;1326;300;1127;267;1542;1035;16101;3409;75868;6374;7209;6644;400;0;2000;21030;300;250540;300;0;25015;0;0;0;20000;5500;6000;15500;0;8900;0;0;0;0;0;0;0;0;0;0;0;0;0;0;0;0;0;0;0;0;0;0;0;0;0;0;0;0;0;0;0;0;0;0;0;0;0;;;0;;0;0;0;0;;0;0;;;;0;0;0;0;;;;;0;0;0;;;0;;0;;;0;0;;;0;;;0;;;0
URY;URUGUAY;;;;;0;0;;10000;;0;0;0;2700;0;100;1000;0;500;;;;0;0;0;;;;;2500;;;;;;;;;;;;;;;;;;;0;;;;;;;;;;;;;;;;;;;;;;;;;;;;;;;;;;;;;;;;;;;;;;;;;;;;;;;;;;;;;;;;;;;
UZB;UZBEKISTAN;;;;0;;;;;;0;;;;;0;0;0;;;;;;400;;;;;;;;;;;;;;;;;;;;;;;;;;;;;;;;;;;;;;;;;;;;;;;;;;;;;;;;;;;;;;;;;;;;;;;;;;;;;;;;;;;;;;;;;;;;
VUT;VANUATU;0;;;0;;0;0;;0;0;0;;0;295;;2000;0;0;;;0;7000;0;;0;;6600;0;;0;;;;0;;0;;0;;0;;;0;;;;;;;;;;;;;0;;;;;;;;0;;;;;;;;;;;0;;;;;;;;;;;;;;;;;;;;;;;;;;;;;;;;;;;;;;;;
VEN;VENEZUELA;;;0;2000;0;0;0;;40;1650;4080;200;0;;0;122888;;21500;16500;0;500;5500;0;0;0;2000;0;1700;800;0;;;;0;0;;;;;;;;;0;;;;0;;;;;0;;;;;;;;;;;;0;;;;;;;;;;;;;;;;;;;;;;;;;;;;;;;;;;;;;;;;;;;;;;;;;;
VNM;VIET NAM;;7325;297045;0;1620;108635;12660;47525;352680;18205;0;18880;0;23100;11860;143555;44980;383045;0;0;1000;12185;48789;456505;2000;781000;0;352000;0;225000;1000;601360;0;;664500;;79000;0;;;;0;;0;0;;;;70361;;0;;;;;;;;0;;;0;;;;;;;;;;;;;;;;;;;;;;;;;;;;;;;;;;;;;;;;;;;;;;;;;;;;;
VGB;VIRGIN IS (UK);;;;;;;;;;;;;;;;;;;0;0;;;;;;;;;;;;;;;;;;;;;;;;;;;;;;;;;;;;;;;;;;;;;;;;;;;;;;;;;;;;;;;;;;;;;;;;;;;;;;;;;;;;;;;;;;;;;;;
VIR;VIRGIN IS (US);;;;;;;;;;;0;;;;;0;0;;;10000;;;;;;8000;;;;;;;;;;;;;;;;;;;;;;;;;;;;;;;;;;;;;;;;;;;;;;;;;;;;;;;;;;;;;;;;;;;;;;;;;;;;;;;;;;;;;;;;;
WLF;WALLIS AND FUTUNA IS;;;0;;;;;;;;;;;;;;;;;;;;;;;;;;0;;;;;;;;;;;;;;;;;;;;0;0;;;;;;;;;;;;;;;;;;;;;;;;;;;;;;;;;;;;;;;;;;;;;;;;;;;;;;;;;;;;;;;;;
YEM;YEMEN;;0;;;1000;0;0;0;2300;500;;0;440;0;0;7500;0;;114210;;;12500;;70000;;;;;;;;;;;;;;;;;;;;;;;;;;;;;;;;;;;;;;;;;;;;;;;;;;;;;;;;;;;;;;;;;;;;;;;;;;;;;;;;;;;;;;;;;;;
ZMB;ZAMBIA;;0;0;0;150;0;0;0;0;0;0;11000;;0;0;0;0;;;0;;;0;0;0;0;;;0;;;0;0;;;0;0;;;;;;;;;;;;;;;;;;;;;;;;;;;;;;;;;;;;;;;;;;;;;;;;;;;;;;;;;;;;;;;;;;;;;;;;;;;;;;
ZWE;ZIMBABWE;0;0;;0;0;0;0;0;;0;;0;0;0;66000;0;0;;0;;;;0;0;;;;;;;;;0;;;;;;;0;;;;;;;;;;;;;;;;;;;;;;;;;;;;;;;;;;;;;;;;;;;;;;;;;;;;;;;;;;;;;;;;;;;;;;;;;;;
